브랜드,productID,itemID,vendorItemID,상품명,개수,수량,가격,Date
duracell,130164876,21326386046,4949572331,듀라셀 알카라인 AA 건전지,20개입,1개,13900,2026-04-02
duracell,7104553961,14516512583,4949572312,듀라셀 오리지널 AAA 건전지,20개입,1개,13900,2026-04-02
duracell,7105319153,17746821758,3929983154,듀라셀 오리지널 알카라인 AA 건전지 20p + AAA 건전지 20p,40개입,1세트,26900,2026-04-02
duracell,130164876,21134555024,92378243178,듀라셀 알카라인 보관박스팩 AA 건전지,8개입,1개,6990,2026-04-02
duracell,7104553961,25009915199,92378243189,듀라셀 알카라인 보관박스팩 AAA 건전지,8개입,1개,7000,2026-04-02
duracell,8743244062,25409851991,92403271411,듀라셀 알카라인 보관박스팩 AA 4p + AAA 4p 건전지 세트,1개,,6680,2026-04-02
duracell,130164876,24615451628,92378243192,듀라셀 알카라인 보관박스팩 AA 건전지,10개입,1개,8500,2026-04-02
duracell,7104553961,23201082403,92378243205,듀라셀 알카라인 보관박스팩 AAA 건전지,10개입,1개,8750,2026-04-02
duracell,8743244063,25409851992,92403271416,듀라셀 알카라인 보관박스팩 AA 8p + AAA 2p 건전지 세트,10개입,1개,8500,2026-04-02
duracell,130164876,21259038751,92378243213,듀라셀 알카라인 보관박스팩 AA 건전지,12개입,1개,9990,2026-04-02
duracell,7104553961,24232031738,92378243224,듀라셀 알카라인 보관박스팩 AAA 건전지,12개입,1개,9990,2026-04-02
duracell,9123830054,25409851990,92403271409,듀라셀 알카라인 보관박스팩 AA 8p + AAA 4p 건전지 세트,1개,,9990,2026-04-02
duracell,6636188191,21206941169,91137260781,듀라셀 디럭스 알카라인 블리스터팩 AA 건전지,10개입,1개,10000,2026-04-02
duracell,9209131889,27201221981,91137260780,듀라셀 디럭스 알카라인 블리스터팩 AAA 건전지,10개입,1개,10000,2026-04-02
duracell,6083545274,24990635789,91995999935,듀라셀 디럭스 알카라인 건전지 세트 AA 10p + AAA 10p,1세트,,20000,2026-04-02
duracell,6636188191,203553039,3482511119,듀라셀 디럭스 알카라인 건전지 AA 블리스터팩,12개입,1개,11550,2026-04-02
duracell,9209131889,27201330669,3482511120,듀라셀 디럭스 알카라인 건전지 AAA 블리스터팩,12개입,1개,6340,2026-04-02
duracell,7460147662,19442992459,86553974963,듀라셀 디럭스 알카라인 건전지 블리스터팩 AA 12p + AAA 12p,1세트,,27000,2026-04-02
duracell,7707329189,20651094614,87590359687,듀라셀 울트라 알카라인 AA건전지 보관박스팩,16개입,1개,18900,2026-04-02
duracell,6568289572,20479346384,87590359623,듀라셀 울트라 알카라인 AAA 건전지 보관박스팩,16개입,1개,18900,2026-04-02
duracell,7707329189,21258841708,3603303313,듀라셀 울트라 알카라인 건전지 AA 블리스터팩,12개입,1개,15670,2026-04-02
duracell,6568289572,20724993141,5396106252,듀라셀 울트라 알카라인 건전지 AAA 블리스터팩,12개입,2개,19840,2026-04-02
duracell,130222573,383242420,3930383285,듀라셀 울트라 알카라인 건전지 블리스터팩 AA 12p + AAA 12p,1세트,,19900,2026-04-02
duracell,7845202231,18664327603,85798864497,듀라셀 쓴맛코팅 리튬 코인 건전지 CR2016,2개입,1개,4130,2026-04-02
duracell,7845202231,18664327615,85798864556,듀라셀 쓴맛코팅 리튬 코인 건전지 CR2016,4개입,1개,6640,2026-04-02
duracell,5227049780,21730807085,88779979459,듀라셀 쓴맛코팅 리튬 코인건전지 CR2025,2개입,1개,3580,2026-04-02
duracell,5227049780,22635206907,74303433926,듀라셀 쓴맛코팅 리튬 코인 건전지 CR2025,4개입,2개,7020,2026-04-02
duracell,6825492637,19526052238,94992970482,듀라셀 쓴맛코팅 리튬 코인 건전지 CR2032,2개입,1개,3520,2026-04-02
duracell,6825492637,16269201835,86634600889,듀라셀 쓴맛코팅 리튬 코인 건전지 CR2032,4개입,1개,6010,2026-04-02
duracell,1518173527,2605363857,70596500705,듀라셀 알카라인 C형 건전지,4개입,1개,9750,2026-04-02
duracell,1518173187,2605363340,70596500623,듀라셀 알카라인 D형 건전지,4개입,1개,11940,2026-04-02
duracell,6117999,2605363391,70596500727,듀라셀 알카라인 9V 건전지,2개입,1개,8680,2026-04-02
duracell,1518173527,8108942022,3001958453,듀라셀 알카라인 건전지 C,2개입,1개,5570,2026-04-02
duracell,1518173187,18447575923,3000151724,듀라셀 알카라인 D형 건전지,2개입,1개,6870,2026-04-02
duracell,6117999,3137202,3003569689,듀라셀 알카라인 건전지 9V,1개입,1개,5200,2026-04-02
duracell,6310166208,18747104295,85879186175,듀라셀 알카라인 코인 건전지 A76 LR44,10개입,1개,8100,2026-04-02
duracell,6959643369,18747104274,85879186099,듀라셀 리튬 특수건전지 CR123,1개입,1개,6830,2026-04-02
duracell,6353010641,13375873881,88820191089,듀라셀 리튬 특수건전지 CR2,1개입,1개,5900,2026-04-02
duracell,310590819,17680982665,88834049626,듀라셀 알카라인 AAAA 건전지,2개입,1개,3360,2026-04-02
duracell,7776617293,21008241061,85879186264,듀라셀 알카라인 특수 건전지 A23 MN21,2개입,1개,4800,2026-04-02
duracell,7297148083,18747104326,85879186266,듀라셀 리튬 코인 건전지 CR1616,1개입,1개,3250,2026-04-02
duracell,310590780,19213110456,85879186409,듀라셀 리튬 코인 건전지 CR1620,1개입,1개,3600,2026-04-02
duracell,6908150074,18747104315,85879186251,듀라셀 리튬 코인건전지 CR1632,1개입,1개,3600,2026-04-02
duracell,7258106007,13751719765,85879186392,듀라셀 리튬 코인건전지 CR2450,1개입,1개,3660,2026-04-02
duracell,130164876,21326386046,4949572331,듀라셀 알카라인 AA 건전지,20개입,1개,13900,2026-04-03
duracell,7104553961,14516512583,4949572312,듀라셀 오리지널 AAA 건전지,20개입,1개,13900,2026-04-03
duracell,7105319153,17746821758,3929983154,듀라셀 오리지널 알카라인 AA 건전지 20p + AAA 건전지 20p,40개입,1세트,26900,2026-04-03
duracell,130164876,21134555024,92378243178,듀라셀 알카라인 보관박스팩 AA 건전지,8개입,1개,6990,2026-04-03
duracell,7104553961,25009915199,92378243189,듀라셀 알카라인 보관박스팩 AAA 건전지,8개입,1개,6300,2026-04-03
duracell,8743244062,25409851991,92403271411,듀라셀 알카라인 보관박스팩 AA 4p + AAA 4p 건전지 세트,1개,,6680,2026-04-03
duracell,130164876,24615451628,92378243192,듀라셀 알카라인 보관박스팩 AA 건전지,10개입,1개,8500,2026-04-03
duracell,7104553961,23201082403,92378243205,듀라셀 알카라인 보관박스팩 AAA 건전지,10개입,1개,8750,2026-04-03
duracell,8743244063,25409851992,92403271416,듀라셀 알카라인 보관박스팩 AA 8p + AAA 2p 건전지 세트,10개입,1개,8500,2026-04-03
duracell,130164876,21259038751,92378243213,듀라셀 알카라인 보관박스팩 AA 건전지,12개입,1개,9450,2026-04-03
duracell,7104553961,24232031738,92378243224,듀라셀 알카라인 보관박스팩 AAA 건전지,12개입,1개,9490,2026-04-03
duracell,9123830054,25409851990,92403271409,듀라셀 알카라인 보관박스팩 AA 8p + AAA 4p 건전지 세트,1개,,9990,2026-04-03
duracell,6636188191,21206941169,91137260781,듀라셀 디럭스 알카라인 블리스터팩 AA 건전지,10개입,1개,9500,2026-04-03
duracell,9209131889,27201221981,91137260780,듀라셀 디럭스 알카라인 블리스터팩 AAA 건전지,10개입,1개,9000,2026-04-03
duracell,6083545274,24990635789,91995999935,듀라셀 디럭스 알카라인 건전지 세트 AA 10p + AAA 10p,1세트,,20000,2026-04-03
duracell,6636188191,203553039,3482511119,듀라셀 디럭스 알카라인 건전지 AA 블리스터팩,12개입,1개,11400,2026-04-03
duracell,9209131889,27201330669,3482511120,듀라셀 디럭스 알카라인 건전지 AAA 블리스터팩,12개입,1개,7750,2026-04-03
duracell,7460147662,19442992459,86553974963,듀라셀 디럭스 알카라인 건전지 블리스터팩 AA 12p + AAA 12p,1세트,,27000,2026-04-03
duracell,7707329189,20651094614,87590359687,듀라셀 울트라 알카라인 AA건전지 보관박스팩,16개입,1개,17950,2026-04-03
duracell,6568289572,20479346384,87590359623,듀라셀 울트라 알카라인 AAA 건전지 보관박스팩,16개입,1개,17950,2026-04-03
duracell,7707329189,21258841708,3603303313,듀라셀 울트라 알카라인 건전지 AA 블리스터팩,12개입,1개,15670,2026-04-03
duracell,6568289572,20724993141,5396106252,듀라셀 울트라 알카라인 건전지 AAA 블리스터팩,12개입,2개,19840,2026-04-03
duracell,130222573,383242420,3930383285,듀라셀 울트라 알카라인 건전지 블리스터팩 AA 12p + AAA 12p,1세트,,19900,2026-04-03
duracell,7845202231,18664327603,85798864497,듀라셀 쓴맛코팅 리튬 코인 건전지 CR2016,2개입,1개,4130,2026-04-03
duracell,7845202231,18664327615,85798864556,듀라셀 쓴맛코팅 리튬 코인 건전지 CR2016,4개입,1개,6640,2026-04-03
duracell,5227049780,21730807085,88779979459,듀라셀 쓴맛코팅 리튬 코인건전지 CR2025,2개입,1개,3580,2026-04-03
duracell,5227049780,22635206907,74303433926,듀라셀 쓴맛코팅 리튬 코인 건전지 CR2025,4개입,2개,7020,2026-04-03
duracell,6825492637,19526052238,94992970482,듀라셀 쓴맛코팅 리튬 코인 건전지 CR2032,2개입,1개,3520,2026-04-03
duracell,6825492637,16269201835,86634600889,듀라셀 쓴맛코팅 리튬 코인 건전지 CR2032,4개입,1개,6010,2026-04-03
duracell,1518173527,2605363857,70596500705,듀라셀 알카라인 C형 건전지,4개입,1개,9750,2026-04-03
duracell,1518173187,2605363340,70596500623,듀라셀 알카라인 D형 건전지,4개입,1개,10740,2026-04-03
duracell,6117999,2605363391,70596500727,듀라셀 알카라인 9V 건전지,2개입,1개,8240,2026-04-03
duracell,1518173527,8108942022,3001958453,듀라셀 알카라인 건전지 C,2개입,1개,5570,2026-04-03
duracell,1518173187,18447575923,3000151724,듀라셀 알카라인 D형 건전지,2개입,1개,6870,2026-04-03
duracell,6117999,3137202,3003569689,듀라셀 알카라인 건전지 9V,1개입,1개,5200,2026-04-03
duracell,6310166208,18747104295,85879186175,듀라셀 알카라인 코인 건전지 A76 LR44,10개입,1개,7690,2026-04-03
duracell,6959643369,18747104274,85879186099,듀라셀 리튬 특수건전지 CR123,1개입,1개,6830,2026-04-03
duracell,6353010641,13375873881,88820191089,듀라셀 리튬 특수건전지 CR2,1개입,1개,5900,2026-04-03
duracell,310590819,17680982665,88834049626,듀라셀 알카라인 AAAA 건전지,2개입,1개,3360,2026-04-03
duracell,7776617293,21008241061,85879186264,듀라셀 알카라인 특수 건전지 A23 MN21,2개입,1개,4800,2026-04-03
duracell,7297148083,18747104326,85879186266,듀라셀 리튬 코인 건전지 CR1616,1개입,1개,3250,2026-04-03
duracell,310590780,19213110456,85879186409,듀라셀 리튬 코인 건전지 CR1620,1개입,1개,3500,2026-04-03
duracell,6908150074,18747104315,85879186251,듀라셀 리튬 코인건전지 CR1632,1개입,1개,3600,2026-04-03
duracell,7258106007,13751719765,85879186392,듀라셀 리튬 코인건전지 CR2450,1개입,1개,3660,2026-04-03
braun,8901663513,25994226124,92976515260,BRAUN 시리즈 9 PRO+ 울트라 씬 전기면도기,,,385000,2026-04-04
braun,8901663513,25994226127,92976515278,BRAUN 시리즈 9 PRO+ 울트라 씬 전기면도기,,,385000,2026-04-04
braun,8901663513,25994226131,92976515298,BRAUN 시리즈 9 PRO+ 울트라 씬 전기면도기,,,385000,2026-04-04
braun,8901663513,27215603690,94182842672,브라운 시리즈 9 PRO+ 울트라 씬 전기면도기,,,385000,2026-04-04
braun,8901663514,25994226126,92976515265,BRAUN 시리즈 9 PRO+ 울트라 씬 전기면도기 + 파워 케이스,,,418090,2026-04-04
braun,8901663514,25994226129,92976515281,BRAUN 시리즈 9 PRO+ 울트라 씬 전기면도기 + 파워 케이스,,,418090,2026-04-04
braun,8901663514,25994226134,92976515300,BRAUN 시리즈 9 PRO+ 울트라 씬 전기면도기 + 파워 케이스,,,418090,2026-04-04
braun,8887617763,25947522953,92930655376,BRAUN 시리즈 9 PRO+ 울트라 씬 전기면도기,,,322500,2026-04-04
braun,8887617763,25947522954,92930655392,BRAUN 시리즈 9 PRO+ 울트라 씬 전기면도기,,,322500,2026-04-04
braun,8887617763,25947522955,92930655405,BRAUN 시리즈 9 PRO+ 울트라 씬 전기면도기,,,322500,2026-04-04
braun,9212589433,27215603653,94182842623,브라운 시리즈 9 PRO+ 울트라 씬 전기면도기,,,347170,2026-04-04
braun,9034747041,26503916126,93478617730,BRAUN 시리즈 9 PRO+ 울트라 씬 전기면도기,,,426550,2026-04-04
braun,9034747041,26503916125,93478617731,BRAUN 시리즈 9 PRO+ 울트라 씬 전기면도기,,,426550,2026-04-04
braun,9034747041,26503916121,93478617732,BRAUN 시리즈 9 PRO+ 울트라 씬 전기면도기,,,426550,2026-04-04
braun,8565286340,24808871415,91816467906,BRAUN 시리즈 9 면도기,,,312750,2026-04-04
braun,8302057282,23950995162,86760706267,BRAUN 시리즈 9 PRO+ 전기면도기 세트,,,278900,2026-04-04
braun,8302057282,23950996367,86760706250,BRAUN 시리즈 9 PRO+ 전기면도기,,,303850,2026-04-04
braun,8302057282,23950997610,86760706491,BRAUN 시리즈 9 PRO+ 전기면도기 세트,,,288650,2026-04-04
braun,8302057282,23950996934,86760706411,BRAUN 시리즈 9 PRO+ 전기면도기 세트,,,303850,2026-04-04
braun,8302057282,23950994149,86760706377,BRAUN 시리즈 9 PRO+ 전기면도기 세트,,,311810,2026-04-04
braun,8308750849,23973377503,90994705397,BRAUN 시리즈 9 PRO+ 전기 면도기 + 파워 케이스 세트,,,369000,2026-04-04
braun,8308750849,23973377499,90994705391,BRAUN 시리즈 9 PRO+ 전기면도기 + 파워 케이스,,,361620,2026-04-04
braun,8308750849,23973377502,90994705394,BRAUN 시리즈 9 PRO+ 전기면도기 + 파워 케이스,,,369000,2026-04-04
braun,7494999102,19607083129,,BRAUN 시리즈 9 PRO+ 전기면도기 세트,,,309000,2026-04-04
braun,7494999102,19607083126,,BRAUN 시리즈9 PRO+ 전기면도기 세트,,,259000,2026-04-04
braun,7494999102,19607083127,,BRAUN 시리즈 9 PRO+ 전기면도기 세트,,,259000,2026-04-04
braun,7494999102,19607083124,,BRAUN 시리즈 9 PRO+ 전기면도기 세트,,,259000,2026-04-04
braun,8054665933,22602637987,86761350068,BRAUN 시리즈 9 PRO+ 전기면도기 세트,,,369690,2026-04-04
braun,7505489946,19655446355,,BRAUN 시리즈 9 PRO+ 전기면도기 세트,,,361050,2026-04-04
braun,7480262947,19537548968,,BRAUN 시리즈 9 PRO+ 전기면도기 + 파워 케이스,,,350100,2026-04-04
braun,7480262947,19537548966,,BRAUN 시리즈 9 PRO+ 전기면도기 + 파워 케이스,,,425840,2026-04-04
braun,8730091838,25365998117,86645889721,BRAUN 시리즈 9 PRO+ 전기면도기 + 파워 케이스,,,431920,2026-04-04
braun,7480262947,19537548969,,BRAUN 시리즈 9 PRO+ 전기면도기 + 파워 케이스,,,319000,2026-04-04
braun,7480262947,19537548971,,BRAUN 시리즈 9 PRO+ 면도기 세트,,,319000,2026-04-04
braun,8132974760,,,BRAUN 시리즈9 Edge 전기면도기,,,250170,2026-04-04
braun,8132974760,,90132265304,BRAUN 시리즈 9 Edge 전기면도기,,,233100,2026-04-04
braun,7124667613,17847055603,,BRAUN 시리즈 9 PRO 전기면도기 세트,,,248000,2026-04-04
braun,7124667613,17847055604,85010548046,BRAUN 시리즈 9 PRO 전기면도기 세트,,,279000,2026-04-04
braun,6006282415,10885918767,78165802617,BRAUN 시리즈 9 PRO 전기면도기 세트,,,316110,2026-04-04
braun,6017255399,10932048170,,BRAUN 전기면도기 세트 시리즈9 PRO,,,549000,2026-04-04
braun,6017255399,10932048175,78211801744,BRAUN 전기면도기 세트 시리즈9 PRO,,,549000,2026-04-04
braun,7198814482,18191669377,,브라운 시리즈 9 프로 면도기 + 파워 케이스 세트,,,343200,2026-04-04
braun,7138233771,17916442703,,BRAUN 시리즈 9 PRO Skin 전기 면도기 + 프로케어 헤드 세트,,,280000,2026-04-04
braun,9459232233,28145949324,95101363985,BRAUN 시리즈 7 스킨쉴드 전기 면도기,,,189050,2026-04-04
braun,9412165022,27967275550,94925221429,BRAUN 시리즈 5 스킨쉴드 전기면도기,,,137750,2026-04-04
braun,9422467529,28006093044,94963532047,BRAUN 시리즈 5+ 스킨쉴드 전기면도기,,,155500,2026-04-04
braun,9416291964,27981803530,94939569543,브라운 시리즈 5+ 스킨쉴드,,,143090,2026-04-04
braun,9416291964,27981803534,94939569544,브라운 시리즈 5+ 스킨쉴드,,,171950,2026-04-04
braun,8000289453,22276685876,,BRAUN 시리즈 7 전기면도기,,,175220,2026-04-04
braun,8000289453,22276685874,,BRAUN 시리즈 7 전기면도기,,,175220,2026-04-04
braun,8027226455,22436575711,89520352412,BRAUN 시리즈 7 전기면도기,,,179070,2026-04-04
braun,7994137473,22230731863,,BRAUN 시리즈 7 전기면도기,,,151050,2026-04-04
braun,8000289491,22276686063,,BRAUN 시리즈 7 전기면도기 + 세척 충전 스테이션 세트,,,154230,2026-04-04
braun,8000289491,22276686059,,BRAUN 시리즈 7 전기면도기 + 세척 충전 스테이션 세트,,,159000,2026-04-04
braun,8000289491,22276686067,,BRAUN 시리즈 7 전기면도기 + 세척 충전 스테이션 세트,,,154230,2026-04-04
braun,7994368348,22231681822,,BRAUN 시리즈 5 전기면도기,,,99000,2026-04-04
braun,7994368348,22231681833,,BRAUN 시리즈 5 전기면도기,,,98100,2026-04-04
braun,7994368348,22231681831,,BRAUN 시리즈 5 전기면도기,,,94050,2026-04-04
braun,7994368348,22231681825,,BRAUN NEW 시리즈 5 전기면도기,,,109670,2026-04-04
braun,7994368348,22231681827,,BRAUN 시리즈 5 전기면도기,,,109480,2026-04-04
braun,7135900289,22275523819,,BRAUN 시리즈5 전기면도기,,,144710,2026-04-04
braun,7135900289,22275523821,,BRAUN NEW 시리즈5 전기면도기,,,122550,2026-04-04
braun,7994378861,22231723928,,BRAUN 시리즈 6 전기면도기,,,123610,2026-04-04
braun,7994378861,22231723930,,BRAUN 시리즈 6 전기면도기,,,130120,2026-04-04
braun,8048552359,22565818004,89607707791,BRAUN 시리즈 6 전기면도기,,,158860,2026-04-04
braun,8048552359,22565818002,,BRAUN 시리즈 6 전기면도기,,,209870,2026-04-04
braun,7124388735,17845909274,85009421585,BRAUN 실크 엑스퍼트 프로 파이브 IPL 제모 의료기기 세트,,,445230,2026-04-04
braun,8132541536,23097223803,83397575828,BRAUN 실크 엑스퍼트 프로 파이브 제모 의료기기,,,366200,2026-04-04
braun,8746479644,25422851430,92416027778,(인기) 브라운 실크 엑스퍼트 프로5 IPL 제모 의료기기 (PL5054) (제모기),,,459000,2026-04-04
braun,8658299176,25129240617,92128399230,브라운 바디 트리머,,,72720,2026-04-04
duracell,130164876,21326386046,4949572331,듀라셀 알카라인 AA 건전지,20개입,1개,13900,2026-04-04
duracell,7104553961,14516512583,4949572312,듀라셀 오리지널 AAA 건전지,20개입,1개,13900,2026-04-04
duracell,7105319153,17746821758,3929983154,듀라셀 오리지널 알카라인 AA 건전지 20p + AAA 건전지 20p,40개입,1세트,26900,2026-04-04
duracell,130164876,21134555024,92378243178,듀라셀 알카라인 보관박스팩 AA 건전지,8개입,1개,6990,2026-04-04
duracell,7104553961,25009915199,92378243189,듀라셀 알카라인 보관박스팩 AAA 건전지,8개입,1개,6300,2026-04-04
duracell,8743244062,25409851991,92403271411,듀라셀 알카라인 보관박스팩 AA 4p + AAA 4p 건전지 세트,1개,,6680,2026-04-04
duracell,130164876,24615451628,92378243192,듀라셀 알카라인 보관박스팩 AA 건전지,10개입,1개,8500,2026-04-04
duracell,7104553961,23201082403,92378243205,듀라셀 알카라인 보관박스팩 AAA 건전지,10개입,1개,8750,2026-04-04
duracell,8743244063,25409851992,92403271416,듀라셀 알카라인 보관박스팩 AA 8p + AAA 2p 건전지 세트,10개입,1개,8500,2026-04-04
duracell,130164876,21259038751,92378243213,듀라셀 알카라인 보관박스팩 AA 건전지,12개입,1개,9490,2026-04-04
duracell,7104553961,24232031738,92378243224,듀라셀 알카라인 보관박스팩 AAA 건전지,12개입,1개,9490,2026-04-04
duracell,9123830054,25409851990,92403271409,듀라셀 알카라인 보관박스팩 AA 8p + AAA 4p 건전지 세트,1개,,9990,2026-04-04
duracell,6636188191,21206941169,91137260781,듀라셀 디럭스 알카라인 블리스터팩 AA 건전지,10개입,1개,9000,2026-04-04
duracell,9209131889,27201221981,91137260780,듀라셀 디럭스 알카라인 블리스터팩 AAA 건전지,10개입,1개,9000,2026-04-04
duracell,6083545274,24990635789,91995999935,듀라셀 디럭스 알카라인 건전지 세트 AA 10p + AAA 10p,1세트,,20000,2026-04-04
duracell,6636188191,203553039,3482511119,듀라셀 디럭스 알카라인 건전지 AA 블리스터팩,12개입,1개,8770,2026-04-04
duracell,9209131889,27201330669,3482511120,듀라셀 디럭스 알카라인 건전지 AAA 블리스터팩,12개입,1개,11550,2026-04-04
duracell,7460147662,19442992459,86553974963,듀라셀 디럭스 알카라인 건전지 블리스터팩 AA 12p + AAA 12p,1세트,,27000,2026-04-04
duracell,7707329189,20651094614,87590359687,듀라셀 울트라 알카라인 AA건전지 보관박스팩,16개입,1개,17950,2026-04-04
duracell,6568289572,20479346384,87590359623,듀라셀 울트라 알카라인 AAA 건전지 보관박스팩,16개입,1개,17950,2026-04-04
duracell,7707329189,21258841708,3603303313,듀라셀 울트라 알카라인 건전지 AA 블리스터팩,12개입,1개,15700,2026-04-04
duracell,6568289572,20724993141,5396106252,듀라셀 울트라 알카라인 건전지 AAA 블리스터팩,12개입,2개,19840,2026-04-04
duracell,130222573,383242420,3930383285,듀라셀 울트라 알카라인 건전지 블리스터팩 AA 12p + AAA 12p,1세트,,19900,2026-04-04
duracell,7845202231,18664327603,85798864497,듀라셀 쓴맛코팅 리튬 코인 건전지 CR2016,2개입,1개,4130,2026-04-04
duracell,7845202231,18664327615,85798864556,듀라셀 쓴맛코팅 리튬 코인 건전지 CR2016,4개입,1개,6640,2026-04-04
duracell,5227049780,21730807085,88779979459,듀라셀 쓴맛코팅 리튬 코인건전지 CR2025,2개입,1개,3580,2026-04-04
duracell,5227049780,22635206907,74303433926,듀라셀 쓴맛코팅 리튬 코인 건전지 CR2025,4개입,2개,8580,2026-04-04
duracell,6825492637,19526052238,94992970482,듀라셀 쓴맛코팅 리튬 코인 건전지 CR2032,2개입,1개,3520,2026-04-04
duracell,6825492637,16269201835,86634600889,듀라셀 쓴맛코팅 리튬 코인 건전지 CR2032,4개입,1개,6010,2026-04-04
duracell,1518173527,2605363857,70596500705,듀라셀 알카라인 C형 건전지,4개입,1개,9750,2026-04-04
duracell,1518173187,2605363340,70596500623,듀라셀 알카라인 D형 건전지,4개입,1개,10740,2026-04-04
duracell,6117999,2605363391,70596500727,듀라셀 알카라인 9V 건전지,2개입,1개,8240,2026-04-04
duracell,1518173527,8108942022,3001958453,듀라셀 알카라인 건전지 C,2개입,1개,5570,2026-04-04
duracell,1518173187,18447575923,3000151724,듀라셀 알카라인 D형 건전지,2개입,1개,6870,2026-04-04
duracell,6117999,3137202,3003569689,듀라셀 알카라인 건전지 9V,1개입,1개,5200,2026-04-04
duracell,6310166208,18747104295,85879186175,듀라셀 알카라인 코인 건전지 A76 LR44,10개입,1개,7690,2026-04-04
duracell,6959643369,18747104274,85879186099,듀라셀 리튬 특수건전지 CR123,1개입,1개,6830,2026-04-04
duracell,6353010641,13375873881,88820191089,듀라셀 리튬 특수건전지 CR2,1개입,1개,5900,2026-04-04
duracell,310590819,17680982665,88834049626,듀라셀 알카라인 AAAA 건전지,2개입,1개,3360,2026-04-04
duracell,7776617293,21008241061,85879186264,듀라셀 알카라인 특수 건전지 A23 MN21,2개입,1개,4800,2026-04-04
duracell,7297148083,18747104326,85879186266,듀라셀 리튬 코인 건전지 CR1616,1개입,1개,3250,2026-04-04
duracell,310590780,19213110456,85879186409,듀라셀 리튬 코인 건전지 CR1620,1개입,1개,3500,2026-04-04
duracell,6908150074,18747104315,85879186251,듀라셀 리튬 코인건전지 CR1632,1개입,1개,3600,2026-04-04
duracell,7258106007,13751719765,85879186392,듀라셀 리튬 코인건전지 CR2450,1개입,1개,3660,2026-04-04
